lang1,lang2,physical_dist,lang1_ETS,lang2_ETS
ar,ar,0,ara,ara
bn,ar,4614982.267218481,ben,ara
bg,ar,2401295.977263979,bul,ara
zh,ar,6638051.508447147,chi,ara
nl,ar,4177448.057350393,dut,ara
en,ar,4596930.125161684,eng,ara
fr,ar,4223619.734216817,fre,ara
de,ar,3535217.2545667626,ger,ara
el,ar,2341440.632817024,gre,ara
gu,ar,2798242.7944938554,guj,ara
hi,ar,3311264.7026759945,hin,ara
ig,ar,4655630.590438395,ibo,ara
id,ar,8075938.139229537,ind,ara
it,ar,3260258.080739707,ita,ara
ja,ar,8384769.073273288,jpn,ara
kn,ar,3701030.470755984,kan,ara
ko,ar,7697747.804972213,kor,ara
ml,ar,4000129.0918839085,mal,ara
mr,ar,3530796.2382151787,mar,ara
ne,ar,4028124.8112452948,nep,ara
pa,ar,3098921.3251006734,pan,ara
pl,ar,3382718.1405297597,pol,ara
pt,ar,4910216.131249241,por,ara
ro,ar,2671762.2151359934,rum,ara
ru,ar,3480769.7395100384,rus,ara
es,ar,4317679.39513615,spa,ara
tl,ar,8119917.841005844,tgl,ara
ta,ar,4130178.1104682996,tam,ara
te,ar,3796409.9471252,tel,ara
th,ar,6044578.175083194,tha,ara
tr,ar,1663108.2670562621,tur,ara
ur,ar,2327599.247387567,urd,ara
vi,ar,6272238.631017685,vie,ara
yo,ar,4813272.363263254,yor,ara
fa,ar,1111150.3423337361,fas,ara
ar,bn,4614982.267218481,ara,ben
bn,bn,0,ben,ben
bg,bn,6227060.65847825,bul,ben
zh,bn,3029683.3075405867,chi,ben
nl,bn,7608580.87267794,dut,ben
en,bn,7977752.352595728,eng,ben
fr,bn,7921856.088380566,fre,ben
de,bn,7147511.525422445,ger,ben
el,bn,6246733.516112214,gre,ben
gu,bn,1937137.8336859606,guj,ben
hi,bn,1321746.3491365928,hin,ben
ig,bn,9073466.64894871,ibo,ben
id,bn,4074983.6764476798,ind,ben
it,bn,7231594.672961654,ita,ben
ja,bn,4490322.882790303,jpn,ben
kn,bn,1860230.4180453413,kan,ben
ko,bn,3901459.1840497293,kor,ben
ml,bn,2125787.963767223,mal,ben
mr,bn,1539462.5981032634,mar,ben
ne,bn,668407.5787109793,nep,ben
pa,bn,1569778.561201189,pan,ben
pl,bn,6680788.839082068,pol,ben
pt,bn,8985805.08588651,por,ben
ro,bn,6283482.655916813,rum,ben
ru,bn,4987457.040793719,rus,ben
es,bn,8411117.662603414,spa,ben
tl,bn,3508688.6686812914,tgl,ben
ta,bn,1904947.2116173638,tam,ben
te,bn,1445146.6458916834,tel,ben
th,bn,1560522.6838082627,tha,ben
tr,bn,5581352.706679097,tur,ben
ur,bn,2331017.7140615555,urd,ben
vi,bn,1664552.5334151452,vie,ben
yo,bn,9323991.838105742,yor,ben
fa,bn,3504143.697689875,fas,ben
ar,bg,2401295.977263979,ara,bul
bn,bg,6227060.65847825,ben,bul
bg,bg,0,bul,bul
zh,bg,7193555.034509061,chi,bul
nl,bg,1776194.7062983783,dut,bul
en,bg,2195775.728349094,eng,bul
fr,bg,1859985.0159963877,fre,bul
de,bg,1135551.5659691622,ger,bul
el,bg,116678.67040367148,gre,bul
gu,bg,4795601.704763638,guj,bul
hi,bg,5108089.318554319,hin,bul
ig,bg,4636254.674032113,ibo,bul
id,bg,10137053.509011086,ind,bul
it,bg,1007266.6599324949,ita,bul
ja,bg,8806285.984893756,jpn,bul
kn,bg,5866852.158996296,kan,bul
ko,bg,8161607.014696982,kor,bul
ml,bg,6231523.737451223,mal,bul
mr,bg,5579645.332853089,mar,bul
ne,bg,5561792.061936084,nep,bul
pa,bg,4680508.644275357,pan,bul
pl,bg,1058225.8889317138,pol,bul
pt,bg,2769783.788145032,por,bul
ro,bg,342555.0503473638,rum,bul
ru,bg,2435952.9172440227,rus,bul
es,bg,2186002.914913536,spa,bul
tl,bg,9480215.759058129,tgl,bul
ta,bg,6315125.699307686,tam,bul
te,bg,5850218.919003172,tel,bul
th,bg,7782575.214751833,tha,bul
tr,bg,758270.7801993121,tur,bul
ur,bg,4310584.095078339,urd,bul
vi,bg,7726739.809412633,vie,bul
yo,bg,4523467.487098318,yor,bul
fa,bg,3141106.2845628643,fas,bul
ar,zh,6638051.508447147,ara,chi
bn,zh,3029683.3075405867,ben,chi
bg,zh,7193555.034509061,bul,chi
zh,zh,0,chi,chi
nl,zh,7845391.59629439,dut,chi
en,zh,8070114.217975466,eng,chi
fr,zh,8303450.908577928,fre,chi
de,zh,7665339.062314109,ger,chi
el,zh,7267604.233541241,gre,chi
gu,zh,4643764.403534622,guj,chi
hi,zh,4003733.02584325,hin,chi
ig,zh,11278068.164958568,ibo,chi
id,zh,5285537.500991474,ind,chi
it,zh,8036255.613788268,ita,chi
ja,zh,1746718.3187015671,jpn,chi
kn,zh,4882409.027860228,kan,chi
ko,zh,1059856.5242616816,kor,chi
ml,zh,5151957.910743983,mal,chi
mr,zh,4511900.648246458,mar,chi
ne,zh,3156082.399195372,nep,chi
pa,zh,3826901.414196636,pan,chi
pl,zh,7102269.431983657,pol,chi
pt,zh,9511762.642413938,por,chi
ro,zh,7072528.142278151,rum,chi
ru,zh,4988282.162538832,rus,chi
es,zh,9074232.959843982,spa,chi
tl,zh,2926930.622972686,tgl,chi
ta,zh,4924230.82378058,tam,chi
te,zh,4462418.714680372,tel,chi
th,zh,3239821.3958671074,tha,chi
tr,zh,6833646.342592861,tur,chi
ur,zh,4847540.3679809645,urd,chi
vi,zh,2363956.152493489,vie,chi
yo,zh,11376250.039447632,yor,chi
fa,zh,5647683.303779208,fas,chi
ar,nl,4177448.057350393,ara,dut
bn,nl,7608580.87267794,ben,dut
bg,nl,1776194.7062983783,bul,dut
zh,nl,7845391.59629439,chi,dut
nl,nl,0,dut,dut
en,nl,422239.37327855104,eng,dut
fr,nl,494072.34925698204,fre,dut
de,nl,648899.8013403004,ger,dut
el,nl,1841488.3881834606,gre,dut
gu,nl,6425811.792370961,guj,dut
hi,nl,6641757.426330788,hin,dut
ig,nl,5255766.034259942,ibo,dut
id,nl,11654553.63425256,ind,dut
it,nl,1148656.6700993585,ita,dut
ja,nl,9213536.620771984,jpn,dut
kn,nl,7537060.940590644,kan,dut
ko,nl,8657835.969496988,kor,dut
ml,nl,7926182.275168961,mal,dut
mr,nl,7204501.842629156,mar,dut
ne,nl,6944065.907524222,nep,dut
pa,nl,6148626.944097745,pan,dut
pl,nl,936186.0427597758,pol,dut
pt,nl,1678914.4077029931,por,dut
ro,nl,1527782.711580687,rum,dut
ru,nl,2887588.7672602646,rus,dut
es,nl,1367541.0744159468,spa,dut
tl,nl,10513974.201680265,tgl,dut
ta,nl,7986144.190595258,tam,dut
te,nl,7469475.347651099,tel,dut
th,nl,9159851.69165867,tha,dut
tr,nl,2523553.8618374583,tur,dut
ur,nl,5955688.109941165,urd,dut
vi,nl,8928921.509993408,vie,dut
yo,nl,4973805.930134337,yor,dut
fa,nl,4856055.802707293,fas,dut
ar,en,4596930.125161684,ara,eng
bn,en,7977752.352595728,ben,eng
bg,en,2195775.728349094,bul,eng
zh,en,8070114.217975466,chi,eng
nl,en,422239.37327855104,dut,eng
en,en,0,eng,eng
fr,en,595392.8406688207,fre,eng
de,en,1062978.6749504046,ger,eng
el,en,2258216.69033033,gre,eng
gu,en,6836213.252624857,guj,eng
hi,en,7038546.649536214,hin,eng
ig,en,5415848.173087779,ibo,eng
id,en,12036723.967065675,ind,eng
it,en,1498796.672898516,ita,eng
ja,en,9370189.31543568,jpn,eng
kn,en,7951232.449587702,kan,eng
ko,en,8840314.795018284,kor,eng
ml,en,8343058.0217696885,mal,eng
mr,en,7613092.130912889,mar,eng
ne,en,7316115.476027002,nep,eng
pa,en,6537349.749570405,pan,eng
pl,en,1337081.5218783715,pol,eng
pt,en,1552089.2941598173,por,eng
ro,en,1949952.8262777415,rum,eng
ru,en,3168745.271009584,rus,eng
es,en,1396105.4161521192,spa,eng
tl,en,10798960.321639113,tgl,eng
ta,en,8400045.61329308,tam,eng
te,en,7876920.572274128,tel,eng
th,en,9522353.950663209,tha,eng
tr,en,2945073.275855788,tur,eng
ur,en,6368551.380884533,urd,eng
vi,en,9258551.652771467,vie,eng
yo,en,5101305.783208557,yor,eng
fa,en,5276558.423380536,fas,eng
ar,fr,4223619.734216817,ara,fre
bn,fr,7921856.088380566,ben,fre
bg,fr,1859985.0159963877,bul,fre
zh,fr,8303450.908577928,chi,fre
nl,fr,494072.34925698204,dut,fre
en,fr,595392.8406688207,eng,fre
fr,fr,0,fre,fre
de,fr,778965.864021161,ger,fre
el,fr,1897137.6254544233,gre,fre
gu,fr,6630196.180375996,guj,fre
hi,fr,6894454.406900699,hin,fre
ig,fr,4832710.179993491,ibo,fre
id,fr,11928956.937910737,ind,fre
it,fr,996227.3165250592,ita,fre
ja,fr,9696454.97876045,jpn,fre
kn,fr,7718166.817604139,kan,fre
ko,fr,9133210.095504519,kor,fre
ml,fr,8089065.955916667,mal,fre
mr,fr,7413808.71831777,mar,fre
ne,fr,7254052.04443522,nep,fre
pa,fr,6425172.469359724,pan,fre
pl,fr,1264729.5522472286,pol,fre
pt,fr,1208413.2384811023,por,fre
ro,fr,1687742.8037862645,rum,fre
ru,fr,3325510.347018454,rus,fre
es,fr,875856.135905483,spa,fre
tl,fr,10926549.12716388,tgl,fre
ta,fr,8167208.025101235,tam,fre
te,fr,7682561.056816028,tel,fre
th,fr,9480603.183447165,tha,fre
tr,fr,2616895.4134939993,tur,fre
ur,fr,6150155.394462998,urd,fre
vi,fr,9298429.307353633,vie,fre
yo,fr,4530171.080433513,yor,fre
fa,fr,4999609.259531705,fas,fre
ar,de,3535217.2545667626,ara,ger
bn,de,7147511.525422445,ben,ger
bg,de,1135551.5659691622,bul,ger
zh,de,7665339.062314109,chi,ger
nl,de,648899.8013403004,dut,ger
en,de,1062978.6749504046,eng,ger
fr,de,778965.864021161,fre,ger
de,de,0,ger,ger
el,de,1195287.1606392018,gre,ger
gu,de,5859893.093724248,guj,ger
hi,de,6116030.647597011,hin,ger
ig,de,4904232.615754051,ibo,ger
id,de,11150043.752943655,ind,ger
it,de,622871.9515870598,ita,ger
ja,de,9137707.66192648,jpn,ger
kn,de,6955859.496274295,kan,ger
ko,de,8543651.254968284,kor,ger
ml,de,7334084.061302668,mal,ger
mr,de,6642708.13698511,mar,ger
ne,de,6479366.9175955905,nep,ger
pa,de,5646447.023633601,pan,ger
pl,de,564666.7125525845,pol,ger
pt,de,1898521.5554106086,por,ger
ro,de,919366.8785663411,rum,ger
ru,de,2680285.528892395,rus,ger
es,de,1409573.040927153,spa,ger
tl,de,10206691.459029082,tgl,ger
ta,de,7405217.464688878,tam,ger
te,de,6910674.882376551,tel,ger
th,de,8707172.815367417,tha,ger
tr,de,1890050.1957939565,tur,ger
ur,de,5382302.064537044,urd,ger
vi,de,8545557.003249852,vie,ger
yo,de,4673706.434980594,yor,ger
fa,de,4250254.334833125,fas,ger
ar,el,2341440.632817024,ara,gre
bn,el,6246733.516112214,ben,gre
bg,el,116678.67040367148,bul,gre
zh,el,7267604.233541241,chi,gre
nl,el,1841488.3881834606,dut,gre
en,el,2258216.69033033,eng,gre
fr,el,1897137.6254544233,fre,gre
de,el,1195287.1606392018,ger,gre
el,el,0,gre,gre
gu,el,4784157.351868784,guj,gre
hi,el,5111526.055227844,hin,gre
ig,el,4526852.529707927,ibo,gre
id,el,10133713.019188436,ind,gre
it,el,1003926.895210731,ita,gre
ja,el,8889698.82790362,jpn,gre
kn,el,5845624.908679389,kan,gre
ko,el,8241882.892579985,kor,gre
ml,el,6204479.448930087,mal,gre
mr,el,5567547.5494462,mar,gre
ne,el,5583094.626364571,nep,gre
pa,el,4694132.252495323,pan,gre
pl,el,1158837.5642245188,pol,gre
pt,el,2764584.119747829,por,gre
ro,el,455038.05680504633,rum,gre
ru,el,2539003.6382927904,rus,gre
es,el,2175318.5527780917,spa,gre
tl,el,9524156.655326607,tgl,gre
ta,el,6293090.149005554,tam,gre
te,el,5838604.374249856,tel,gre
th,el,7799379.748479891,tha,gre
tr,el,724712.1630842788,tur,gre
ur,el,4297465.354275472,urd,gre
vi,el,7760626.212345769,vie,gre
yo,el,4419354.0797663275,yor,gre
fa,el,3114557.736285432,fas,gre
ar,gu,2798242.7944938554,ara,guj
bn,gu,1937137.8336859606,ben,guj
bg,gu,4795601.704763638,bul,guj
zh,gu,4643764.403534622,chi,guj
nl,gu,6425811.792370961,dut,guj
en,gu,6836213.252624857,eng,guj
fr,gu,6630196.180375996,fre,guj
de,gu,5859893.093724248,ger,guj
el,gu,4784157.351868784,gre,guj
gu,gu,0,guj,guj
hi,gu,653632.5484546425,hin,guj
ig,gu,7137476.8667548895,ibo,guj
id,gu,5359930.101051634,ind,guj
it,gu,5786552.198636559,ita,guj
ja,gu,6279574.074430954,jpn,guj
kn,gu,1138474.6654153212,kan,guj
ko,gu,5637100.16421967,kor,guj
ml,gu,1570236.9793655998,mal,guj
mr,gu,784209.7931301724,mar,guj
ne,gu,1517019.1406772085,nep,guj
pa,gu,933273.5489110512,pan,guj
pl,gu,5499968.5150709525,pol,guj
pt,gu,7536082.406259669,por,guj
ro,gu,4942923.152276928,rum,guj
ru,gu,4365830.99337445,rus,guj
es,gu,6939917.027401614,spa,guj
tl,gu,5412189.881781649,tgl,guj
ta,gu,1577982.5314741412,tam,guj
te,gu,1054635.0216973396,tel,guj
th,gu,3255661.1571888304,tha,guj
tr,gu,4066150.58130724,tur,guj
ur,gu,489606.2019403098,urd,guj
vi,gu,3587284.3456257856,vie,guj
yo,gu,7396894.9105508085,yor,guj
fa,gu,1729388.899368576,fas,guj
ar,hi,3311264.7026759945,ara,hin
bn,hi,1321746.3491365928,ben,hin
bg,hi,5108089.318554319,bul,hin
zh,hi,4003733.02584325,chi,hin
nl,hi,6641757.426330788,dut,hin
en,hi,7038546.649536214,eng,hin
fr,hi,6894454.406900699,fre,hin
de,hi,6116030.647597011,ger,hin
el,hi,5111526.055227844,gre,hin
gu,hi,653632.5484546425,guj,hin
hi,hi,0,hin,hin
ig,hi,7759503.909050633,ibo,hin
id,hi,5036708.432729124,ind,hin
it,hi,6113467.670860655,ita,hin
ja,hi,5627365.678691829,jpn,hin
kn,hi,1266675.1996016263,kan,hin
ko,hi,4987900.4032282345,kor,hin
ml,hi,1705498.8500729192,mal,hin
mr,hi,783096.8932186045,mar,hin
ne,hi,863748.350956956,nep,hin
pa,hi,573371.5044201746,pan,hin
pl,hi,5705974.294063691,pol,hin
pt,hi,7875925.267298506,por,hin
ro,hi,5214190.937581149,rum,hin
ru,hi,4325411.764013555,rus,hin
es,hi,7286195.632531771,spa,hin
tl,hi,4826703.62987345,tgl,hin
ta,hi,1614233.276379577,tam,hin
te,hi,962714.3042331435,tel,hin
th,hi,2750182.012547051,tha,hin
tr,hi,4413020.28343486,tur,hin
ur,hi,1009271.4935776894,urd,hin
vi,hi,2985762.2841381184,vie,hin
yo,hi,8003378.117578886,yor,hin
fa,hi,2205350.7858324503,fas,hin
ar,ig,4655630.590438395,ara,ibo
bn,ig,9073466.64894871,ben,ibo
bg,ig,4636254.674032113,bul,ibo
zh,ig,11278068.164958568,chi,ibo
nl,ig,5255766.034259942,dut,ibo
en,ig,5415848.173087779,eng,ibo
fr,ig,4832710.179993491,fre,ibo
de,ig,4904232.615754051,ger,ibo
el,ig,4526852.529707927,gre,ibo
gu,ig,7137476.8667548895,guj,ibo
hi,ig,7759503.909050633,hin,ibo
ig,ig,0,ibo,ibo
id,ig,11458500.024639444,ind,ibo
it,ig,4289680.7549673375,ita,ibo
ja,ig,13021236.951260425,jpn,ibo
kn,ig,7615186.535548248,kan,ibo
ko,ig,12334359.376909466,kor,ibo
ml,ig,7689610.545954701,mal,ibo
mr,ig,7682805.309167829,mar,ibo
ne,ig,8573063.4935882,nep,ibo
pa,ig,7683051.752846894,pan,ibo
pl,ig,5339543.82984224,pol,ibo
pt,ig,4200822.32470979,por,ibo
ro,ig,4910047.827964247,rum,ibo
ru,ig,7053083.576520684,rus,ibo
es,ig,4054300.321053893,spa,ibo
tl,ig,12515894.198449746,tgl,ibo
ta,ig,7913042.106896411,tam,ibo
te,ig,7895749.679808521,tel,ibo
th,ig,10262340.881217662,tha,ibo
tr,ig,4675688.982433938,tur,ibo
ur,ig,6757070.386241726,urd,ibo
vi,ig,10721062.683828792,vie,ibo
yo,ig,483350.25921131467,yor,ibo
fa,ig,5708574.222791265,fas,ibo
ar,id,8075938.139229537,ara,ind
bn,id,4074983.6764476798,ben,ind
bg,id,10137053.509011086,bul,ind
zh,id,5285537.500991474,chi,ind
nl,id,11654553.63425256,dut,ind
en,id,12036723.967065675,eng,ind
fr,id,11928956.937910737,fre,ind
de,id,11150043.752943655,ger,ind
el,id,10133713.019188436,gre,ind
gu,id,5359930.101051634,guj,ind
hi,id,5036708.432729124,hin,ind
ig,id,11458500.024639444,ibo,ind
id,id,0,ind,ind
it,id,11137639.904011477,ita,ind
ja,id,5386326.613401104,jpn,ind
kn,id,4375065.46105357,kan,ind
ko,id,5315039.301397735,kor,ind
ml,id,4105465.694770857,mal,ind
mr,id,4583025.082267102,mar,ind
ne,id,4727694.267612806,nep,ind
pa,id,5508078.707908684,pan,ind
pl,id,10719591.136589225,pol,ind
pt,id,12894007.78491608,por,ind
ro,id,10250895.095790362,rum,ind
ru,id,9047319.408289012,rus,ind
es,id,12298776.258607456,spa,ind
tl,id,2713824.9358022786,tgl,ind
ta,id,3951899.90429495,tam,ind
te,id,4311592.22212788,tel,ind
th,id,2581775.1375089977,tha,ind
tr,id,9421653.430229325,tur,ind
ur,id,5849398.889805182,urd,ind
vi,id,3128640.0999725605,vie,ind
yo,id,11879934.308360698,yor,ind
fa,id,7075618.47607651,fas,ind
ar,it,3260258.080739707,ara,ita
bn,it,7231594.672961654,ben,ita
bg,it,1007266.6599324949,bul,ita
zh,it,8036255.613788268,chi,ita
nl,it,1148656.6700993585,dut,ita
en,it,1498796.672898516,eng,ita
fr,it,996227.3165250592,fre,ita
de,it,622871.9515870598,ger,ita
el,it,1003926.895210731,gre,ita
gu,it,5786552.198636559,guj,ita
hi,it,6113467.670860655,hin,ita
ig,it,4289680.7549673375,ibo,ita
id,it,11137639.904011477,ind,ita
it,it,0,ita,ita
ja,it,9575799.119506935,jpn,ita
kn,it,6839799.808466928,kan,ita
ko,it,8958423.707635127,kor,ita
ml,it,7190379.527000566,mal,ita
mr,it,6569452.17805864,mar,ita
ne,it,6565436.758427598,nep,ita
pa,it,5687587.699156919,pan,ita
pl,it,1076078.7192441947,pol,ita
pt,it,1762885.612833942,por,ita
ro,it,988494.3857026248,rum,ita
ru,it,3102027.821353561,rus,ita
es,it,1179625.399476898,spa,ita
tl,it,10442934.206694571,tgl,ita
ta,it,7286011.341446832,tam,ita
te,it,6840697.599519587,tel,ita
th,it,8788384.557522757,tha,ita
tr,it,1721256.7511798567,tur,ita
ur,it,5299183.116610757,urd,ita
vi,it,8713876.376034383,vie,ita
yo,it,4073039.3569511734,yor,ita
fa,it,4105328.848371043,fas,ita
ar,ja,8384769.073273288,ara,jpn
bn,ja,4490322.882790303,ben,jpn
bg,ja,8806285.984893756,bul,jpn
zh,ja,1746718.3187015671,chi,jpn
nl,ja,9213536.620771984,dut,jpn
en,ja,9370189.31543568,eng,jpn
fr,ja,9696454.97876045,fre,jpn
de,ja,9137707.66192648,ger,jpn
el,ja,8889698.82790362,gre,jpn
gu,ja,6279574.074430954,guj,jpn
hi,ja,5627365.678691829,hin,jpn
ig,ja,13021236.951260425,ibo,jpn
id,ja,5386326.613401104,ind,jpn
it,ja,9575799.119506935,ita,jpn
ja,ja,0,jpn,jpn
kn,ja,6331535.954574382,kan,jpn
ko,ja,687347.2318954082,kor,jpn
ml,ja,6521389.653860221,mal,jpn
mr,ja,6028043.64121211,mar,jpn
ne,ja,4763914.383347726,nep,jpn
pa,ja,5520482.228123163,pan,jpn
pl,ja,8574814.220269233,pol,jpn
pt,ja,10890484.540006284,por,jpn
ro,ja,8648266.981210321,rum,jpn
ru,ja,6475523.364844637,rus,jpn
es,ja,10523684.197809765,spa,jpn
tl,ja,2673927.0225271345,tgl,jpn
ta,ja,6277587.422054904,tam,jpn
te,ja,5927277.003115074,tel,jpn
th,ja,4137305.8346388345,tha,jpn
tr,ja,8512340.892891657,tur,jpn
ur,ja,6531486.341208723,urd,jpn
vi,ja,3269443.4560770844,vie,jpn
yo,ja,13105084.290556755,yor,jpn
fa,ja,7387481.419994679,fas,jpn
ar,kn,3701030.470755984,ara,kan
bn,kn,1860230.4180453413,ben,kan
bg,kn,5866852.158996296,bul,kan
zh,kn,4882409.027860228,chi,kan
nl,kn,7537060.940590644,dut,kan
en,kn,7951232.449587702,eng,kan
fr,kn,7718166.817604139,fre,kan
de,kn,6955859.496274295,ger,kan
el,kn,5845624.908679389,gre,kan
gu,kn,1138474.6654153212,guj,kan
hi,kn,1266675.1996016263,hin,kan
ig,kn,7615186.535548248,ibo,kan
id,kn,4375065.46105357,ind,kan
it,kn,6839799.808466928,ita,kan
ja,kn,6331535.954574382,jpn,kan
kn,kn,0,kan,kan
ko,kn,5758126.193769689,kor,kan
ml,kn,447575.34183391015,mal,kan
mr,kn,484524.8774980443,mar,kan
ne,kn,1842371.9096802971,nep,kan
pa,kn,1822029.4074668959,pan,kan
pl,kn,6617983.341746593,pol,kan
pt,kn,8566340.286192408,por,kan
ro,kn,6036547.238453873,rum,kan
ru,kn,5485165.20366047,rus,kan
es,kn,7968952.831019397,spa,kan
tl,kn,4925356.150382201,tgl,kan
ta,kn,449391.376468674,tam,kan
te,kn,421443.97534615063,tel,kan
th,kn,2653297.3118268084,tha,kan
tr,kn,5121541.396013758,tur,kan
ur,kn,1584422.5513783835,urd,kan
vi,kn,3245676.546650413,vie,kan
yo,kn,7940901.146060731,yor,kan
fa,kn,2734925.055601347,fas,kan
ar,ko,7697747.804972213,ara,kor
bn,ko,3901459.1840497293,ben,kor
bg,ko,8161607.014696982,bul,kor
zh,ko,1059856.5242616816,chi,kor
nl,ko,8657835.969496988,dut,kor
en,ko,8840314.795018284,eng,kor
fr,ko,9133210.095504519,fre,kor
de,ko,8543651.254968284,ger,kor
el,ko,8241882.892579985,gre,kor
gu,ko,5637100.16421967,guj,kor
hi,ko,4987900.4032282345,hin,kor
ig,ko,12334359.376909466,ibo,kor
id,ko,5315039.301397735,ind,kor
it,ko,8958423.707635127,ita,kor
ja,ko,687347.2318954082,jpn,kor
kn,ko,5758126.193769689,kan,kor
ko,ko,0,kor,kor
ml,ko,5978426.800732538,mal,kor
mr,ko,5428773.265253469,mar,kor
ne,ko,4127227.732469048,nep,kor
pa,ko,4855408.970703544,pan,kor
pl,ko,7979145.00722643,pol,kor
pt,ko,10336552.256405817,por,kor
ro,ko,8016234.778540317,rum,kor
ru,ko,5868026.726511729,rus,kor
es,ko,9941834.200660508,spa,kor
tl,ko,2669910.551057125,tgl,kor
ta,ko,5739181.689501399,tam,kor
te,ko,5346174.600512767,tel,kor
th,ko,3737465.58931057,tha,kor
tr,ko,7844927.770039561,tur,kor
ur,ko,5871186.538279603,urd,kor
vi,ko,2842566.8136639274,vie,kor
yo,ko,12422597.077142423,yor,kor
fa,ko,6704653.035782833,fas,kor
ar,ml,4000129.0918839085,ara,mal
bn,ml,2125787.963767223,ben,mal
bg,ml,6231523.737451223,bul,mal
zh,ml,5151957.910743983,chi,mal
nl,ml,7926182.275168961,dut,mal
en,ml,8343058.0217696885,eng,mal
fr,ml,8089065.955916667,fre,mal
de,ml,7334084.061302668,ger,mal
el,ml,6204479.448930087,gre,mal
gu,ml,1570236.9793655998,guj,mal
hi,ml,1705498.8500729192,hin,mal
ig,ml,7689610.545954701,ibo,mal
id,ml,4105465.694770857,ind,mal
it,ml,7190379.527000566,ita,mal
ja,ml,6521389.653860221,jpn,mal
kn,ml,447575.34183391015,kan,mal
ko,ml,5978426.800732538,kor,mal
ml,ml,0,mal,mal
mr,ml,923043.9324079778,mar,mal
ne,ml,2212913.885232368,nep,mal
pa,ml,2266314.269075671,pan,mal
pl,ml,7014343.935608245,pol,mal
pt,ml,8897684.598694062,por,mal
ro,ml,6415201.206370539,rum,mal
ru,ml,5928265.390115377,rus,mal
es,ml,8301457.128936809,spa,mal
tl,ml,4919610.28682274,tgl,mal
ta,ml,248140.37843407507,tam,mal
te,ml,787543.9220033505,tel,mal
th,ml,2652149.9765959755,tha,mal
tr,ml,5479825.028002897,tur,mal
ur,ml,1994331.5520672281,urd,mal
vi,ml,3342541.3314670417,vie,mal
yo,ml,8040591.97899307,yor,mal
fa,ml,3090522.59110201,fas,mal
ar,mr,3530796.2382151787,ara,mar
bn,mr,1539462.5981032634,ben,mar
bg,mr,5579645.332853089,bul,mar
zh,mr,4511900.648246458,chi,mar
nl,mr,7204501.842629156,dut,mar
en,mr,7613092.130912889,eng,mar
fr,mr,7413808.71831777,fre,mar
de,mr,6642708.13698511,ger,mar
el,mr,5567547.5494462,gre,mar
gu,mr,784209.7931301724,guj,mar
hi,mr,783096.8932186045,hin,mar
ig,mr,7682805.309167829,ibo,mar
id,mr,4583025.082267102,ind,mar
it,mr,6569452.17805864,ita,mar
ja,mr,6028043.64121211,jpn,mar
kn,mr,484524.8774980443,kan,mar
ko,mr,5428773.265253469,kor,mar
ml,mr,923043.9324079778,mal,mar
mr,mr,0,mar,mar
ne,mr,1403504.568790075,nep,mar
pa,mr,1344275.6809473522,pan,mar
pl,mr,6276165.901561938,pol,mar
pt,mr,8316549.7822640315,por,mar
ro,mr,5726316.242079123,rum,mar
ru,mr,5046602.363184601,rus,mar
es,mr,7719913.910260706,spa,mar
tl,mr,4833097.381670751,tgl,mar
ta,mr,852736.9483892816,tam,mar
te,mr,271624.008330802,tel,mar
th,mr,2599705.745791249,tha,mar
tr,mr,4848574.478240672,tur,mar
ur,mr,1270278.6906722283,urd,mar
vi,mr,3069702.3781703366,vie,mar
yo,mr,7978769.027787429,yor,mar
fa,mr,2494119.4006300643,fas,mar
ar,ne,4028124.8112452948,ara,nep
bn,ne,668407.5787109793,ben,nep
bg,ne,5561792.061936084,bul,nep
zh,ne,3156082.399195372,chi,nep
nl,ne,6944065.907524222,dut,nep
en,ne,7316115.476027002,eng,nep
fr,ne,7254052.04443522,fre,nep
de,ne,6479366.9175955905,ger,nep
el,ne,5583094.626364571,gre,nep
gu,ne,1517019.1406772085,guj,nep
hi,ne,863748.350956956,hin,nep
ig,ne,8573063.4935882,ibo,nep
id,ne,4727694.267612806,ind,nep
it,ne,6565436.758427598,ita,nep
ja,ne,4763914.383347726,jpn,nep
kn,ne,1842371.9096802971,kan,nep
ko,ne,4127227.732469048,kor,nep
ml,ne,2212913.885232368,mal,nep
mr,ne,1403504.568790075,mar,nep
ne,ne,0,nep,nep
pa,ne,936223.237620031,pan,nep
pl,ne,6014880.6232321365,pol,nep
pt,ne,8318288.330260027,por,nep
ro,ne,5615388.961927809,rum,nep
ru,ne,4361106.11461555,rus,nep
es,ne,7744768.384680241,spa,nep
tl,ne,4099006.0425635097,tgl,nep
ta,ne,2039893.4486012321,tam,nep
te,ne,1433302.4025606292,tel,nep
th,ne,2228916.864504269,tha,nep
tr,ne,4923712.333690732,tur,nep
ur,ne,1823138.368206885,urd,nep
vi,ne,2254343.062052073,vie,nep
yo,ne,8794961.471664652,yor,nep
fa,ne,2919555.7091179774,fas,nep
ar,pa,3098921.3251006734,ara,pan
bn,pa,1569778.561201189,ben,pan
bg,pa,4680508.644275357,bul,pan
zh,pa,3826901.414196636,chi,pan
nl,pa,6148626.944097745,dut,pan
en,pa,6537349.749570405,eng,pan
fr,pa,6425172.469359724,fre,pan
de,pa,5646447.023633601,ger,pan
el,pa,4694132.252495323,gre,pan
gu,pa,933273.5489110512,guj,pan
hi,pa,573371.5044201746,hin,pan
ig,pa,7683051.752846894,ibo,pan
id,pa,5508078.707908684,ind,pan
it,pa,5687587.699156919,ita,pan
ja,pa,5520482.228123163,jpn,pan
kn,pa,1822029.4074668959,kan,pan
ko,pa,4855408.970703544,kor,pan
ml,pa,2266314.269075671,mal,pan
mr,pa,1344275.6809473522,mar,pan
ne,pa,936223.237620031,nep,pan
pa,pa,0,pan,pan
pl,pa,5212810.029617806,pol,pan
pt,pa,7448513.515607458,por,pan
ro,pa,4759538.001087171,rum,pan
ru,pa,3759995.3205415835,rus,pan
es,pa,6866425.152658002,spa,pan
tl,pa,5034852.4490397,tgl,pan
ta,pa,2185455.3197358437,tam,pan
te,pa,1535862.0224660798,tel,pan
th,pa,3107096.525940488,tha,pan
tr,pa,4017630.6907129646,tur,pan
ur,pa,1021801.5384860396,urd,pan
vi,pa,3190556.9508879175,vie,pan
yo,pa,7886587.662711556,yor,pan
fa,pa,1995070.1962021817,fas,pan
ar,pl,3382718.1405297597,ara,pol
bn,pl,6680788.839082068,ben,pol
bg,pl,1058225.8889317138,bul,pol
zh,pl,7102269.431983657,chi,pol
nl,pl,936186.0427597758,dut,pol
en,pl,1337081.5218783715,eng,pol
fr,pl,1264729.5522472286,fre,pol
de,pl,564666.7125525845,ger,pol
el,pl,1158837.5642245188,gre,pol
gu,pl,5499968.5150709525,guj,pol
hi,pl,5705974.294063691,hin,pol
ig,pl,5339543.82984224,ibo,pol
id,pl,10719591.136589225,ind,pol
it,pl,1076078.7192441947,ita,pol
ja,pl,8574814.220269233,jpn,pol
kn,pl,6617983.341746593,kan,pol
ko,pl,7979145.00722643,kor,pol
ml,pl,7014343.935608245,mal,pol
mr,pl,6276165.901561938,mar,pol
ne,pl,6014880.6232321365,nep,pol
pa,pl,5212810.029617806,pan,pol
pl,pl,0,pol,pol
pt,pl,2441008.2219203506,por,pol
ro,pl,730841.2039867577,rum,pol
ru,pl,2115948.1915778616,rus,pol
es,pl,1971963.757521468,spa,pol
tl,pl,9668329.317956496,tgl,pol
ta,pl,7066352.715579647,tam,pol
te,pl,6539848.888437574,tel,pol
th,pl,8235520.996387722,tha,pol
tr,pl,1724411.8227065522,tur,pol
ur,pl,5034248.550000233,urd,pol
vi,pl,8034507.126878054,vie,pol
yo,pl,5141522.184269139,yor,pol
fa,pl,3966074.4307097043,fas,pol
ar,pt,4910216.131249241,ara,por
bn,pt,8985805.08588651,ben,por
bg,pt,2769783.788145032,bul,por
zh,pt,9511762.642413938,chi,por
nl,pt,1678914.4077029931,dut,por
en,pt,1552089.2941598173,eng,por
fr,pt,1208413.2384811023,fre,por
de,pt,1898521.5554106086,ger,por
el,pt,2764584.119747829,gre,por
gu,pt,7536082.406259669,guj,por
hi,pt,7875925.267298506,hin,por
ig,pt,4200822.32470979,ibo,por
id,pt,12894007.78491608,ind,por
it,pt,1762885.612833942,ita,por
ja,pt,10890484.540006284,jpn,por
kn,pt,8566340.286192408,kan,por
ko,pt,10336552.256405817,kor,por
ml,pt,8897684.598694062,mal,por
mr,pt,8316549.7822640315,mar,por
ne,pt,8318288.330260027,nep,por
pa,pt,7448513.515607458,pan,por
pl,pt,2441008.2219203506,pol,por
pt,pt,0,por,por
ro,pt,2705293.3899319666,rum,por
ru,pt,4530828.91862753,rus,por
es,pt,597460.2071138488,spa,por
tl,pt,12105069.222537471,tgl,por
ta,pt,9008476.956864418,tam,por
te,pt,8588150.737451734,tel,por
th,pt,10544875.540361779,tha,por
tr,pt,3472438.105630484,tur,por
ur,pt,7047189.761240042,urd,por
vi,pt,10431851.589014823,vie,por
yo,pt,3814160.5700874035,yor,por
fa,pt,5834675.131886346,fas,por
ar,ro,2671762.2151359934,ara,rum
bn,ro,6283482.655916813,ben,rum
bg,ro,342555.0503473638,bul,rum
zh,ro,7072528.142278151,chi,rum
nl,ro,1527782.711580687,dut,rum
en,ro,1949952.8262777415,eng,rum
fr,ro,1687742.8037862645,fre,rum
de,ro,919366.8785663411,ger,rum
el,ro,455038.05680504633,gre,rum
gu,ro,4942923.152276928,guj,rum
hi,ro,5214190.937581149,hin,rum
ig,ro,4910047.827964247,ibo,rum
id,ro,10250895.095790362,ind,rum
it,ro,988494.3857026248,ita,rum
ja,ro,8648266.981210321,jpn,rum
kn,ro,6036547.238453873,kan,rum
ko,ro,8016234.778540317,kor,rum
ml,ro,6415201.206370539,mal,rum
mr,ro,5726316.242079123,mar,rum
ne,ro,5615388.961927809,nep,rum
pa,ro,4759538.001087171,pan,rum
pl,ro,730841.2039867577,pol,rum
pt,ro,2705293.3899319666,por,rum
ro,ro,0,rum,rum
ru,ro,2212949.3294144557,rus,rum
es,ro,2145497.423028729,spa,rum
tl,ro,9455527.220248505,tgl,rum
ta,ro,6485895.09157246,tam,rum
te,ro,5994901.976069042,tel,rum
th,ro,7843675.460751472,tha,rum
tr,ro,1008672.7001703813,tur,rum
ur,ro,4464057.095382483,urd,rum
vi,ro,7736898.273518455,vie,rum
yo,ro,4773274.801430411,yor,rum
fa,ro,3333900.963097034,fas,rum
ar,ru,3480769.7395100384,ara,rus
bn,ru,4987457.040793719,ben,rus
bg,ru,2435952.9172440227,bul,rus
zh,ru,4988282.162538832,chi,rus
nl,ru,2887588.7672602646,dut,rus
en,ru,3168745.271009584,eng,rus
fr,ru,3325510.347018454,fre,rus
de,ru,2680285.528892395,ger,rus
el,ru,2539003.6382927904,gre,rus
gu,ru,4365830.99337445,guj,rus
hi,ru,4325411.764013555,hin,rus
ig,ru,7053083.576520684,ibo,rus
id,ru,9047319.408289012,ind,rus
it,ru,3102027.821353561,ita,rus
ja,ru,6475523.364844637,jpn,rus
kn,ru,5485165.20366047,kan,rus
ko,ru,5868026.726511729,kor,rus
ml,ru,5928265.390115377,mal,rus
mr,ru,5046602.363184601,mar,rus
ne,ru,4361106.11461555,nep,rus
pa,ru,3759995.3205415835,pan,rus
pl,ru,2115948.1915778616,pol,rus
pt,ru,4530828.91862753,por,rus
ro,ru,2212949.3294144557,rum,rus
ru,ru,0,rus,rus
es,ru,4087149.213384615,spa,rus
tl,ru,7632471.295542693,tgl,rus
ta,ru,5898384.924159505,tam,rus
te,ru,5273078.779060346,tel,rus
th,ru,6472867.292994558,tha,rus
tr,ru,2447914.508596249,tur,rus
ur,ru,4004423.145114936,urd,rus
vi,ru,6117724.644114313,vie,rus
yo,ru,6958339.363353174,yor,rus
fa,ru,3394318.3041768,fas,rus
ar,es,4317679.39513615,ara,spa
bn,es,8411117.662603414,ben,spa
bg,es,2186002.914913536,bul,spa
zh,es,9074232.959843982,chi,spa
nl,es,1367541.0744159468,dut,spa
en,es,1396105.4161521192,eng,spa
fr,es,875856.135905483,fre,spa
de,es,1409573.040927153,ger,spa
el,es,2175318.5527780917,gre,spa
gu,es,6939917.027401614,guj,spa
hi,es,7286195.632531771,hin,spa
ig,es,4054300.321053893,ibo,spa
id,es,12298776.258607456,ind,spa
it,es,1179625.399476898,ita,spa
ja,es,10523684.197809765,jpn,spa
kn,es,7968952.831019397,kan,spa
ko,es,9941834.200660508,kor,spa
ml,es,8301457.128936809,mal,spa
mr,es,7719913.910260706,mar,spa
ne,es,7744768.384680241,nep,spa
pa,es,6866425.152658002,pan,spa
pl,es,1971963.757521468,pol,spa
pt,es,597460.2071138488,por,spa
ro,es,2145497.423028729,rum,spa
ru,es,4087149.213384615,rus,spa
es,es,0,spa,spa
tl,es,11587383.838504799,tgl,spa
ta,es,8411259.921828527,tam,spa
te,es,7991529.5233370885,tel,spa
th,es,9967999.830670804,tha,spa
tr,es,2878223.0268845237,tur,spa
ur,es,6450858.111649462,urd,spa
vi,es,9882387.600936161,vie,spa
yo,es,3718237.387760861,yor,spa
fa,es,5237235.887077814,fas,spa
ar,tl,8119917.841005844,ara,tgl
bn,tl,3508688.6686812914,ben,tgl
bg,tl,9480215.759058129,bul,tgl
zh,tl,2926930.622972686,chi,tgl
nl,tl,10513974.201680265,dut,tgl
en,tl,10798960.321639113,eng,tgl
fr,tl,10926549.12716388,fre,tgl
de,tl,10206691.459029082,ger,tgl
el,tl,9524156.655326607,gre,tgl
gu,tl,5412189.881781649,guj,tgl
hi,tl,4826703.62987345,hin,tgl
ig,tl,12515894.198449746,ibo,tgl
id,tl,2713824.9358022786,ind,tgl
it,tl,10442934.206694571,ita,tgl
ja,tl,2673927.0225271345,jpn,tgl
kn,tl,4925356.150382201,kan,tgl
ko,tl,2669910.551057125,kor,tgl
ml,tl,4919610.28682274,mal,tgl
mr,tl,4833097.381670751,mar,tgl
ne,tl,4099006.0425635097,nep,tgl
pa,tl,5034852.4490397,pan,tgl
pl,tl,9668329.317956496,pol,tgl
pt,tl,12105069.222537471,por,tgl
ro,tl,9455527.220248505,rum,tgl
ru,tl,7632471.295542693,rus,tgl
es,tl,11587383.838504799,spa,tgl
tl,tl,0,tgl,tgl
ta,tl,4679479.83967246,tam,tgl
te,tl,4623127.587770963,tel,tgl
th,tl,2274903.7288764655,tha,tgl
tr,tl,8928524.958739858,tur,tgl
ur,tl,5834127.905971783,urd,tgl
vi,tl,1847699.6570609065,vie,tgl
yo,tl,12803075.17747945,yor,tgl
fa,tl,7008827.999428712,fas,tgl
ar,ta,4130178.1104682996,ara,tam
bn,ta,1904947.2116173638,ben,tam
bg,ta,6315125.699307686,bul,tam
zh,ta,4924230.82378058,chi,tam
nl,ta,7986144.190595258,dut,tam
en,ta,8400045.61329308,eng,tam
fr,ta,8167208.025101235,fre,tam
de,ta,7405217.464688878,ger,tam
el,ta,6293090.149005554,gre,tam
gu,ta,1577982.5314741412,guj,tam
hi,ta,1614233.276379577,hin,tam
ig,ta,7913042.106896411,ibo,tam
id,ta,3951899.90429495,ind,tam
it,ta,7286011.341446832,ita,tam
ja,ta,6277587.422054904,jpn,tam
kn,ta,449391.376468674,kan,tam
ko,ta,5739181.689501399,kor,tam
ml,ta,248140.37843407507,mal,tam
mr,ta,852736.9483892816,mar,tam
ne,ta,2039893.4486012321,nep,tam
pa,ta,2185455.3197358437,pan,tam
pl,ta,7066352.715579647,pol,tam
pt,ta,9008476.956864418,por,tam
ro,ta,6485895.09157246,rum,tam
ru,ta,5898384.924159505,rus,tam
es,ta,8411259.921828527,spa,tam
tl,ta,4679479.83967246,tgl,tam
ta,ta,0,tam,tam
te,ta,656506.7340457219,tel,tam
th,ta,2409208.9381016945,tha,tam
tr,ta,5568773.354119096,tur,tam
ur,ta,2032202.667550011,urd,tam
vi,ta,3094404.538371738,vie,tam
yo,ta,8257684.636027601,yor,tam
fa,ta,3180688.061921296,fas,tam
ar,te,3796409.9471252,ara,tel
bn,te,1445146.6458916834,ben,tel
bg,te,5850218.919003172,bul,tel
zh,te,4462418.714680372,chi,tel
nl,te,7469475.347651099,dut,tel
en,te,7876920.572274128,eng,tel
fr,te,7682561.056816028,fre,tel
de,te,6910674.882376551,ger,tel
el,te,5838604.374249856,gre,tel
gu,te,1054635.0216973396,guj,tel
hi,te,962714.3042331435,hin,tel
ig,te,7895749.679808521,ibo,tel
id,te,4311592.22212788,ind,tel
it,te,6840697.599519587,ita,tel
ja,te,5927277.003115074,jpn,tel
kn,te,421443.97534615063,kan,tel
ko,te,5346174.600512767,kor,tel
ml,te,787543.9220033505,mal,tel
mr,te,271624.008330802,mar,tel
ne,te,1433302.4025606292,nep,tel
pa,te,1535862.0224660798,pan,tel
pl,te,6539848.888437574,pol,tel
pt,te,8588150.737451734,por,tel
ro,te,5994901.976069042,rum,tel
ru,te,5273078.779060346,rus,tel
es,te,7991529.5233370885,spa,tel
tl,te,4623127.587770963,tgl,tel
ta,te,656506.7340457219,tam,tel
te,te,0,tel,tel
th,te,2371222.363336457,tha,tel
tr,te,5119921.739112947,tur,tel
ur,te,1541624.1142704473,urd,tel
vi,te,2891785.6517560594,vie,tel
yo,te,8201860.949078107,yor,tel
fa,te,2764996.3029637057,fas,tel
ar,th,6044578.175083194,ara,tha
bn,th,1560522.6838082627,ben,tha
bg,th,7782575.214751833,bul,tha
zh,th,3239821.3958671074,chi,tha
nl,th,9159851.69165867,dut,tha
en,th,9522353.950663209,eng,tha
fr,th,9480603.183447165,fre,tha
de,th,8707172.815367417,ger,tha
el,th,7799379.748479891,gre,tha
gu,th,3255661.1571888304,guj,tha
hi,th,2750182.012547051,hin,tha
ig,th,10262340.881217662,ibo,tha
id,th,2581775.1375089977,ind,tha
it,th,8788384.557522757,ita,tha
ja,th,4137305.8346388345,jpn,tha
kn,th,2653297.3118268084,kan,tha
ko,th,3737465.58931057,kor,tha
ml,th,2652149.9765959755,mal,tha
mr,th,2599705.745791249,mar,tha
ne,th,2228916.864504269,nep,tha
pa,th,3107096.525940488,pan,tha
pl,th,8235520.996387722,pol,tha
pt,th,10544875.540361779,por,tha
ro,th,7843675.460751472,rum,tha
ru,th,6472867.292994558,rus,tha
es,th,9967999.830670804,spa,tha
tl,th,2274903.7288764655,tgl,tha
ta,th,2409208.9381016945,tam,tha
te,th,2371222.363336457,tel,tha
th,th,0,tha,tha
tr,th,7124204.310136169,tur,tha
ur,th,3717147.498691589,urd,tha
vi,th,899214.464134722,vie,tha
yo,th,10573071.12998567,yor,tha
fa,th,4948699.170416218,fas,tha
ar,tr,1663108.2670562621,ara,tur
bn,tr,5581352.706679097,ben,tur
bg,tr,758270.7801993121,bul,tur
zh,tr,6833646.342592861,chi,tur
nl,tr,2523553.8618374583,dut,tur
en,tr,2945073.275855788,eng,tur
fr,tr,2616895.4134939993,fre,tur
de,tr,1890050.1957939565,ger,tur
el,tr,724712.1630842788,gre,tur
gu,tr,4066150.58130724,guj,tur
hi,tr,4413020.28343486,hin,tur
ig,tr,4675688.982433938,ibo,tur
id,tr,9421653.430229325,ind,tur
it,tr,1721256.7511798567,ita,tur
ja,tr,8512340.892891657,jpn,tur
kn,tr,5121541.396013758,kan,tur
ko,tr,7844927.770039561,kor,tur
ml,tr,5479825.028002897,mal,tur
mr,tr,4848574.478240672,mar,tur
ne,tr,4923712.333690732,nep,tur
pa,tr,4017630.6907129646,pan,tur
pl,tr,1724411.8227065522,pol,tur
pt,tr,3472438.105630484,por,tur
ro,tr,1008672.7001703813,rum,tur
ru,tr,2447914.508596249,rus,tur
es,tr,2878223.0268845237,spa,tur
tl,tr,8928524.958739858,tgl,tur
ta,tr,5568773.354119096,tam,tur
te,tr,5119921.739112947,tel,tur
th,tr,7124204.310136169,tha,tur
tr,tr,0,tur,tur
ur,tr,3578306.973886092,urd,tur
vi,tr,7133611.310498577,vie,tur
yo,tr,4648143.509827228,yor,tur
fa,tr,2389849.609862459,fas,tur
ar,ur,2327599.247387567,ara,urd
bn,ur,2331017.7140615555,ben,urd
bg,ur,4310584.095078339,bul,urd
zh,ur,4847540.3679809645,chi,urd
nl,ur,5955688.109941165,dut,urd
en,ur,6368551.380884533,eng,urd
fr,ur,6150155.394462998,fre,urd
de,ur,5382302.064537044,ger,urd
el,ur,4297465.354275472,gre,urd
gu,ur,489606.2019403098,guj,urd
hi,ur,1009271.4935776894,hin,urd
ig,ur,6757070.386241726,ibo,urd
id,ur,5849398.889805182,ind,urd
it,ur,5299183.116610757,ita,urd
ja,ur,6531486.341208723,jpn,urd
kn,ur,1584422.5513783835,kan,urd
ko,ur,5871186.538279603,kor,urd
ml,ur,1994331.5520672281,mal,urd
mr,ur,1270278.6906722283,mar,urd
ne,ur,1823138.368206885,nep,urd
pa,ur,1021801.5384860396,pan,urd
pl,ur,5034248.550000233,pol,urd
pt,ur,7047189.761240042,por,urd
ro,ur,4464057.095382483,rum,urd
ru,ur,4004423.145114936,rus,urd
es,ur,6450858.111649462,spa,urd
tl,ur,5834127.905971783,tgl,urd
ta,ur,2032202.667550011,tam,urd
te,ur,1541624.1142704473,tel,urd
th,ur,3717147.498691589,tha,urd
tr,ur,3578306.973886092,tur,urd
ur,ur,0,urd,urd
vi,ur,3994863.846622067,vie,urd
yo,ur,6995105.590832306,yor,urd
fa,ur,1244216.0098005724,fas,urd
ar,vi,6272238.631017685,ara,vie
bn,vi,1664552.5334151452,ben,vie
bg,vi,7726739.809412633,bul,vie
zh,vi,2363956.152493489,chi,vie
nl,vi,8928921.509993408,dut,vie
en,vi,9258551.652771467,eng,vie
fr,vi,9298429.307353633,fre,vie
de,vi,8545557.003249852,ger,vie
el,vi,7760626.212345769,gre,vie
gu,vi,3587284.3456257856,guj,vie
hi,vi,2985762.2841381184,hin,vie
ig,vi,10721062.683828792,ibo,vie
id,vi,3128640.0999725605,ind,vie
it,vi,8713876.376034383,ita,vie
ja,vi,3269443.4560770844,jpn,vie
kn,vi,3245676.546650413,kan,vie
ko,vi,2842566.8136639274,kor,vie
ml,vi,3342541.3314670417,mal,vie
mr,vi,3069702.3781703366,mar,vie
ne,vi,2254343.062052073,nep,vie
pa,vi,3190556.9508879175,pan,vie
pl,vi,8034507.126878054,pol,vie
pt,vi,10431851.589014823,por,vie
ro,vi,7736898.273518455,rum,vie
ru,vi,6117724.644114313,rus,vie
es,vi,9882387.600936161,spa,vie
tl,vi,1847699.6570609065,tgl,vie
ta,vi,3094404.538371738,tam,vie
te,vi,2891785.6517560594,tel,vie
th,vi,899214.464134722,tha,vie
tr,vi,7133611.310498577,tur,vie
ur,vi,3994863.846622067,urd,vie
vi,vi,0,vie,vie
yo,vi,10983448.214909615,yor,vie
fa,vi,5161174.088043823,fas,vie
ar,yo,4813272.363263254,ara,yor
bn,yo,9323991.838105742,ben,yor
bg,yo,4523467.487098318,bul,yor
zh,yo,11376250.039447632,chi,yor
nl,yo,4973805.930134337,dut,yor
en,yo,5101305.783208557,eng,yor
fr,yo,4530171.080433513,fre,yor
de,yo,4673706.434980594,ger,yor
el,yo,4419354.0797663275,gre,yor
gu,yo,7396894.9105508085,guj,yor
hi,yo,8003378.117578886,hin,yor
ig,yo,483350.25921131467,ibo,yor
id,yo,11879934.308360698,ind,yor
it,yo,4073039.3569511734,ita,yor
ja,yo,13105084.290556755,jpn,yor
kn,yo,7940901.146060731,kan,yor
ko,yo,12422597.077142423,kor,yor
ml,yo,8040591.97899307,mal,yor
mr,yo,7978769.027787429,mar,yor
ne,yo,8794961.471664652,nep,yor
pa,yo,7886587.662711556,pan,yor
pl,yo,5141522.184269139,pol,yor
pt,yo,3814160.5700874035,por,yor
ro,yo,4773274.801430411,rum,yor
ru,yo,6958339.363353174,rus,yor
es,yo,3718237.387760861,spa,yor
tl,yo,12803075.17747945,tgl,yor
ta,yo,8257684.636027601,tam,yor
te,yo,8201860.949078107,tel,yor
th,yo,10573071.12998567,tha,yor
tr,yo,4648143.509827228,tur,yor
ur,yo,6995105.590832306,urd,yor
vi,yo,10983448.214909615,vie,yor
yo,yo,0,yor,yor
fa,yo,5895583.056379485,fas,yor
ar,fa,1111150.3423337361,ara,fas
bn,fa,3504143.697689875,ben,fas
bg,fa,3141106.2845628643,bul,fas
zh,fa,5647683.303779208,chi,fas
nl,fa,4856055.802707293,dut,fas
en,fa,5276558.423380536,eng,fas
fr,fa,4999609.259531705,fre,fas
de,fa,4250254.334833125,ger,fas
el,fa,3114557.736285432,gre,fas
gu,fa,1729388.899368576,guj,fas
hi,fa,2205350.7858324503,hin,fas
ig,fa,5708574.222791265,ibo,fas
id,fa,7075618.47607651,ind,fas
it,fa,4105328.848371043,ita,fas
ja,fa,7387481.419994679,jpn,fas
kn,fa,2734925.055601347,kan,fas
ko,fa,6704653.035782833,kor,fas
ml,fa,3090522.59110201,mal,fas
mr,fa,2494119.4006300643,mar,fas
ne,fa,2919555.7091179774,nep,fas
pa,fa,1995070.1962021817,pan,fas
pl,fa,3966074.4307097043,pol,fas
pt,fa,5834675.131886346,por,fas
ro,fa,3333900.963097034,rum,fas
ru,fa,3394318.3041768,rus,fas
es,fa,5237235.887077814,spa,fas
tl,fa,7008827.999428712,tgl,fas
ta,fa,3180688.061921296,tam,fas
te,fa,2764996.3029637057,tel,fas
th,fa,4948699.170416218,tha,fas
tr,fa,2389849.609862459,tur,fas
ur,fa,1244216.0098005724,urd,fas
vi,fa,5161174.088043823,vie,fas
yo,fa,5895583.056379485,yor,fas
fa,fa,0,fas,fas
